"Catégorie","Source (URL)","Information Clé","Analyse / Pertinence","Date de Recherche"
"Identité et Positionnement","https://www.devoteam.com/","Slogan: 'AI-driven Tech Consulting' (Conseil en technologie piloté par l'IA)","Le slogan met l'accent sur l'IA comme différenciateur clé.","2025-07-15"
"Identité et Positionnement","https://www.linkedin.com/company/devoteam","Profil LinkedIn officiel","Présence institutionnelle et professionnelle majeure.","2025-07-15"
"Identité et Positionnement","https://twitter.com/devoteam","Profil Twitter (X) officiel","Canal de communication et d'annonces.","2025-07-15"
"Services et Offres","https://www.devoteam.com/","Domaines clés: Cloud, IA & Data, Cybersécurité, Transformation Digitale, IT Durable.","Portefeuille de services très axé sur les technologies de pointe et la durabilité.","2025-07-15"
"Services et Offres","https://www.servicenow.com/","Partenariats stratégiques: AWS, Google Cloud, Microsoft, ServiceNow, Salesforce.","Écosystème de partenaires solide avec les leaders du marché. Nommé Partenaire Elite ServiceNow.","2025-07-15"
"Présence Internationale","https://www.devoteam.com/","Présence dans plus de 18 pays en Europe, Moyen-Orient, et Afrique (EMEA).","Forte empreinte géographique sur la zone EMEA, alignée avec leur stratégie de focalisation.","2025-07-15"
"Publications et Rapports","https://channelnews.fr/","Plan stratégique 'AMPLIFY': vise 2 Md€ de CA en 2028, dont 50% via l'IA.","Très forte ambition dans l'IA, qui devient le cœur de la stratégie.","2025-07-15"
"Publications et Rapports","https://www.carenews.com/","Rapport de développement durable 2023 (publié en avril 2024) et charte 'GenAI'.","L'éthique et la durabilité sont des axes de communication importants.","2025-07-15"
"Clients et Projets","https://www.devoteam.com/","Partenariat renforcé avec Databricks (niveau Elite) pour accélérer la transformation data & IA.","Focus sur l'accélération des projets IA chez les clients.","2025-07-15"
"Clients et Projets","https://itrnews.com/","Acquisition de 61 nouveaux comptes clients via une campagne de génération de leads.","Stratégie d'acquisition client pro-active et mesurable.","2025-07-15"
"Clients et Projets (Tunisie)","https://www.youtube.com/","Collaboration avec la Banque Mondiale pour transformer des solutions destinées aux citoyens tunisiens.","Acteur de confiance pour les bailleurs de fonds internationaux sur des projets à impact national.","2025-07-15"
"Clients et Projets (Tunisie)","https://www.scribd.com/","Projets de e-gouvernement : cadre de référence pour les solutions gouvernementales, stratégie d'identifiant unique du citoyen.","Forte implication dans la modernisation de l'État tunisien.","2025-07-15"
